Date,Time,HomeTeam,AwayTeam,FTR,HomePoints,AwayPoints,FTR_numerical,HT_form_points_5,AT_form_points_5,HT_h2h_points_5,AT_h2h_points_5
2023-08-11,19:00,Trabzonspor,Antalyaspor,H,3,0,1,0.0,0.0,0.0,0.0
2023-08-12,17:15,Kasimpasa,Ankaragucu,H,3,0,1,0.0,0.0,0.0,0.0
2023-08-12,17:15,Konyaspor,Istanbulspor,D,1,1,0,0.0,0.0,0.0,0.0
2023-08-12,19:45,Kayserispor,Galatasaray,D,1,1,0,0.0,0.0,0.0,0.0
2023-08-12,19:45,Pendikspor,Hatayspor,A,0,3,2,0.0,0.0,0.0,0.0
2023-08-13,17:15,Sivasspor,Samsunspor,D,1,1,0,0.0,0.0,0.0,0.0
2023-08-13,19:45,Ad. Demirspor,Rizespor,H,3,0,1,0.0,0.0,0.0,0.0
2023-08-13,19:45,Fenerbahce,Gaziantep,H,3,0,1,0.0,0.0,0.0,0.0
2023-08-14,19:00,Alanyaspor,Buyuksehyr,H,3,0,1,0.0,0.0,0.0,0.0
2023-08-14,19:00,Karagumruk,Besiktas,A,0,3,2,0.0,0.0,0.0,0.0
2023-08-18,19:00,Istanbulspor,Kayserispor,D,1,1,0,0.2,0.2,0.0,0.0
2023-08-18,19:00,Antalyaspor,Konyaspor,D,1,1,0,0.0,0.2,0.0,0.0
2023-08-19,17:15,Rizespor,Alanyaspor,D,1,1,0,0.0,0.6,0.0,0.0
2023-08-19,19:45,Galatasaray,Trabzonspor,H,3,0,1,0.2,0.6,0.0,0.0
2023-08-19,19:45,Hatayspor,Kasimpasa,D,1,1,0,0.6,0.6,0.0,0.0
2023-08-20,17:15,Buyuksehyr,Karagumruk,A,0,3,2,0.0,0.0,0.0,0.0
2023-08-20,19:45,Besiktas,Pendikspor,D,1,1,0,0.6,0.0,0.0,0.0
2023-08-20,19:45,Gaziantep,Sivasspor,A,0,3,2,0.0,0.2,0.0,0.0
2023-08-21,19:00,Ankaragucu,Ad. Demirspor,D,1,1,0,0.0,0.6,0.0,0.0
2023-08-21,19:00,Samsunspor,Fenerbahce,A,0,3,2,0.2,0.6,0.0,0.0
2023-08-25,19:00,Konyaspor,Gaziantep,H,3,0,1,0.4,0.0,0.0,0.0
2023-08-26,19:45,Sivasspor,Antalyaspor,D,1,1,0,0.8,0.2,0.0,0.0
2023-08-26,17:15,Kasimpasa,Pendikspor,D,1,1,0,0.8,0.2,0.0,0.0
2023-08-26,17:15,Trabzonspor,Rizespor,A,0,3,2,0.6,0.2,0.0,0.0
2023-08-27,17:15,Karagumruk,Ankaragucu,D,1,1,0,0.6,0.2,0.0,0.0
2023-08-27,17:15,Kayserispor,Samsunspor,H,3,0,1,0.4,0.2,0.0,0.0
2023-08-27,19:45,Alanyaspor,Hatayspor,D,1,1,0,0.8,0.8,0.0,0.0
2023-09-01,19:00,Kasimpasa,Trabzonspor,A,0,3,2,1.0,0.6,0.0,0.0
2023-09-01,19:00,Rizespor,Karagumruk,H,3,0,1,0.8,0.8,0.0,0.0
2023-09-02,19:45,Antalyaspor,Kayserispor,D,1,1,0,0.4,1.0,0.0,0.0
2023-09-02,17:15,Buyuksehyr,Konyaspor,A,0,3,2,0.0,1.0,0.0,0.0
2023-09-02,17:15,Pendikspor,Alanyaspor,D,1,1,0,0.4,1.0,0.0,0.0
2023-09-02,19:45,Gaziantep,Galatasaray,A,0,3,2,0.0,0.8,0.0,0.0
2023-09-03,19:45,Hatayspor,Ad. Demirspor,D,1,1,0,1.0,0.8,0.0,0.0
2023-09-03,17:15,Besiktas,Sivasspor,H,3,0,1,0.8,1.0,0.0,0.0
2023-09-03,19:45,Ankaragucu,Fenerbahce,A,0,3,2,0.4,1.2,0.0,0.0
2023-09-16,18:00,Galatasaray,Samsunspor,H,3,0,1,1.4,0.2,0.0,0.0
2023-09-16,15:00,Kayserispor,Gaziantep,H,3,0,1,1.2,0.0,0.0,0.0
2023-09-16,15:00,Konyaspor,Rizespor,A,0,3,2,1.6,1.4,0.0,0.0
2023-09-16,18:00,Ad. Demirspor,Pendikspor,H,3,0,1,1.0,0.6,0.0,0.0
2023-09-17,15:00,Istanbulspor,Buyuksehyr,A,0,3,2,0.4,0.0,0.0,0.0
2023-09-17,18:00,Alanyaspor,Kasimpasa,D,1,1,0,1.2,1.0,0.0,0.0
2023-09-17,15:00,Fenerbahce,Antalyaspor,H,3,0,1,1.8,0.6,0.0,0.0
2023-09-17,18:00,Trabzonspor,Besiktas,H,3,0,1,1.2,1.4,0.0,0.0
2023-09-18,18:00,Sivasspor,Ankaragucu,A,0,3,2,1.0,0.4,0.0,0.0
2023-09-18,18:00,Karagumruk,Hatayspor,D,1,1,0,0.8,1.2,0.0,0.0
2023-09-22,18:00,Gaziantep,Istanbulspor,H,3,0,1,0.0,0.4,0.0,0.0
2023-09-23,15:00,Pendikspor,Karagumruk,D,1,1,0,0.6,1.0,0.0,0.0
2023-09-23,15:00,Rizespor,Sivasspor,D,1,1,0,2.0,1.0,0.0,0.0
2023-09-23,18:00,Antalyaspor,Samsunspor,H,3,0,1,0.6,0.2,0.0,0.0
2023-09-23,18:00,Buyuksehyr,Galatasaray,A,0,3,2,0.6,2.0,0.0,0.0
2023-09-24,18:00,Kasimpasa,Ad. Demirspor,H,3,0,1,1.2,1.6,0.0,0.0
2023-09-24,15:00,Ankaragucu,Konyaspor,D,1,1,0,1.0,1.6,0.0,0.0
2023-09-24,15:00,Besiktas,Kayserispor,H,3,0,1,1.4,1.8,0.0,0.0
2023-09-24,18:00,Alanyaspor,Fenerbahce,A,0,3,2,1.4,2.4,0.0,0.0
2023-09-25,18:00,Hatayspor,Trabzonspor,H,3,0,1,1.4,1.8,0.0,0.0
2023-09-26,18:00,Istanbulspor,Galatasaray,A,0,3,2,0.4,2.6,0.0,0.0
2023-09-27,18:00,Ad. Demirspor,Besiktas,H,3,0,1,1.6,2.0,0.0,0.0
2023-09-28,18:00,Fenerbahce,Buyuksehyr,H,3,0,1,3.0,0.6,0.0,0.0
2023-09-29,18:00,Samsunspor,Gaziantep,A,0,3,2,0.2,0.6,0.0,0.0
2023-09-30,11:30,Sivasspor,Hatayspor,D,1,1,0,1.0,1.4,0.0,0.0
2023-09-30,14:00,Istanbulspor,Antalyaspor,A,0,3,2,0.4,1.2,0.0,0.0
2023-09-30,14:00,Trabzonspor,Pendikspor,H,3,0,1,1.2,0.8,0.0,0.0
2023-09-30,17:00,Galatasaray,Ankaragucu,H,3,0,1,3.0,1.2,0.0,0.0
2023-10-01,14:00,Fenerbahce,Rizespor,H,3,0,1,3.0,2.2,0.0,0.0
2023-10-01,17:00,Ad. Demirspor,Alanyaspor,H,3,0,1,1.6,0.8,0.0,0.0
2023-10-01,11:30,Karagumruk,Kasimpasa,A,0,3,2,1.2,1.2,0.0,0.0
2023-10-01,17:00,Konyaspor,Besiktas,A,0,3,2,1.6,1.4,0.0,0.0
2023-10-02,18:00,Kayserispor,Buyuksehyr,D,1,1,0,1.6,0.6,0.0,0.0
2023-10-06,18:00,Ad. Demirspor,Trabzonspor,H,3,0,1,2.0,1.8,0.0,0.0
2023-10-06,18:00,Alanyaspor,Karagumruk,H,3,0,1,0.6,0.6,0.0,0.0
2023-10-07,11:30,Pendikspor,Sivasspor,A,0,3,2,0.6,0.6,0.0,0.0
2023-10-07,14:00,Ankaragucu,Kayserispor,H,3,0,1,1.0,1.6,0.0,0.0
2023-10-07,17:00,Antalyaspor,Galatasaray,A,0,3,2,1.6,3.0,0.0,0.0
2023-10-07,17:00,Buyuksehyr,Gaziantep,H,3,0,1,0.8,1.2,0.0,0.0
2023-10-08,17:00,Hatayspor,Konyaspor,H,3,0,1,1.4,1.4,0.0,0.0
2023-10-08,17:00,Kasimpasa,Fenerbahce,A,0,3,2,1.6,3.0,0.0,0.0
2023-10-08,11:30,Rizespor,Samsunspor,H,3,0,1,2.0,0.0,0.0,0.0
2023-10-08,14:00,Besiktas,Istanbulspor,H,3,0,1,1.8,0.2,0.0,0.0
2023-10-21,11:30,Kayserispor,Rizespor,H,3,0,1,1.0,2.0,0.0,0.0
2023-10-21,14:00,Gaziantep,Antalyaspor,H,3,0,1,1.2,1.4,0.0,0.0
2023-10-21,14:00,Konyaspor,Pendikspor,A,0,3,2,0.8,0.4,0.0,0.0
2023-10-21,17:00,Galatasaray,Besiktas,H,3,0,1,3.0,1.8,0.0,0.0
2023-10-22,11:30,Sivasspor,Kasimpasa,A,0,3,2,1.0,1.4,0.0,0.0
2023-10-22,14:00,Istanbulspor,Ankaragucu,H,3,0,1,0.0,1.4,0.0,0.0
2023-10-22,17:00,Fenerbahce,Hatayspor,H,3,0,1,3.0,1.8,0.0,0.0
2023-10-22,17:00,Samsunspor,Buyuksehyr,D,1,1,0,0.0,1.4,0.0,0.0
2023-10-23,18:00,Karagumruk,Ad. Demirspor,H,3,0,1,0.4,2.4,0.0,0.0
2023-10-23,18:00,Trabzonspor,Alanyaspor,H,3,0,1,1.8,1.0,0.0,0.0
2023-10-27,18:00,Kasimpasa,Istanbulspor,H,3,0,1,2.0,0.6,0.0,0.0
2023-10-27,18:00,Hatayspor,Kayserispor,A,0,3,2,1.6,1.4,0.0,0.0
2023-10-28,17:00,Rizespor,Galatasaray,A,0,3,2,1.4,3.0,0.0,0.0
2023-10-28,17:00,Ad. Demirspor,Konyaspor,H,3,0,1,1.8,0.2,0.0,0.0
2023-10-28,14:00,Alanyaspor,Sivasspor,A,0,3,2,0.8,1.0,0.0,0.0
2023-10-29,13:00,Karagumruk,Trabzonspor,D,1,1,0,1.0,1.8,0.0,0.0
2023-10-29,16:00,Ankaragucu,Samsunspor,H,3,0,1,1.4,0.2,0.0,0.0
2023-10-29,16:00,Antalyaspor,Buyuksehyr,H,3,0,1,1.2,1.0,0.0,0.0
2023-10-29,16:00,Pendikspor,Fenerbahce,A,0,3,2,0.8,3.0,0.0,0.0
2023-10-30,17:00,Besiktas,Gaziantep,H,3,0,1,1.8,1.8,0.0,0.0
2023-11-03,17:00,Galatasaray,Kasimpasa,H,3,0,1,3.0,2.4,0.0,0.0
2023-11-04,13:00,Samsunspor,Hatayspor,H,3,0,1,0.2,1.4,0.0,0.0
2023-11-04,16:00,Fenerbahce,Trabzonspor,A,0,3,2,3.0,1.4,0.0,0.0
2023-11-04,10:30,Istanbulspor,Pendikspor,A,0,3,2,0.6,0.8,0.0,0.0
2023-11-05,10:30,Sivasspor,Ad. Demirspor,D,1,1,0,1.6,2.4,0.0,0.0
2023-11-05,13:00,Buyuksehyr,Ankaragucu,D,1,1,0,1.0,1.4,0.0,0.0
2023-11-05,13:00,Konyaspor,Karagumruk,D,1,1,0,0.2,1.0,0.0,0.0
2023-11-05,16:00,Antalyaspor,Besiktas,H,3,0,1,1.8,1.8,0.0,0.0
2023-11-06,17:00,Gaziantep,Rizespor,H,3,0,1,1.8,0.8,0.0,0.0
2023-11-06,17:00,Kayserispor,Alanyaspor,H,3,0,1,1.4,0.6,0.0,0.0
2023-11-08,17:00,Samsunspor,Istanbulspor,H,3,0,1,0.8,0.6,0.0,0.0
2023-11-10,17:00,Trabzonspor,Konyaspor,H,3,0,1,2.0,0.2,0.0,0.0
2023-11-10,17:00,Ankaragucu,Antalyaspor,A,0,3,2,1.4,1.8,0.0,0.0
2023-11-11,13:00,Karagumruk,Sivasspor,H,3,0,1,1.0,1.6,0.0,0.0
2023-11-11,16:00,Hatayspor,Galatasaray,H,3,0,1,0.8,3.0,0.0,0.0
2023-11-11,10:30,Kasimpasa,Kayserispor,A,0,3,2,1.8,2.0,0.0,0.0
2023-11-11,13:00,Alanyaspor,Gaziantep,A,0,3,2,0.6,1.8,0.0,0.0
2023-11-12,10:30,Pendikspor,Samsunspor,H,3,0,1,1.2,1.4,0.0,0.0
2023-11-12,13:00,Besiktas,Buyuksehyr,H,3,0,1,1.8,1.2,0.0,0.0
2023-11-12,13:00,Rizespor,Istanbulspor,H,3,0,1,0.6,0.6,0.0,0.0
2023-11-12,16:00,Ad. Demirspor,Fenerbahce,D,1,1,0,2.0,2.4,0.0,0.0
2023-11-25,10:30,Istanbulspor,Hatayspor,H,3,0,1,0.6,1.2,0.0,0.0
2023-11-25,13:00,Gaziantep,Ankaragucu,A,0,3,2,1.8,1.4,0.0,0.0
2023-11-25,13:00,Konyaspor,Kasimpasa,H,3,0,1,0.2,1.2,0.0,0.0
2023-11-25,16:00,Galatasaray,Alanyaspor,H,3,0,1,2.4,0.6,0.0,0.0
2023-11-26,16:00,Fenerbahce,Karagumruk,H,3,0,1,2.0,1.6,0.0,0.0
2023-11-26,13:00,Samsunspor,Besiktas,A,0,3,2,1.4,1.8,0.0,0.0
2023-11-26,10:30,Kayserispor,Ad. Demirspor,D,1,1,0,2.4,1.6,0.0,0.0
2023-11-26,13:00,Antalyaspor,Rizespor,D,1,1,0,1.8,1.2,0.0,0.0
2023-11-27,17:00,Buyuksehyr,Pendikspor,H,3,0,1,1.0,1.8,0.0,0.0
2023-11-27,17:00,Sivasspor,Trabzonspor,D,1,1,0,1.4,2.0,0.0,0.0
2023-12-01,17:00,Hatayspor,Antalyaspor,D,1,1,0,0.6,2.0,0.0,0.0
2023-12-01,17:00,Karagumruk,Istanbulspor,H,3,0,1,1.6,0.6,0.0,0.0
2023-12-02,10:30,Alanyaspor,Konyaspor,D,1,1,0,0.0,0.8,0.0,0.0
2023-12-02,13:00,Rizespor,Buyuksehyr,H,3,0,1,0.8,1.0,0.0,0.0
2023-12-02,16:00,Ad. Demirspor,Samsunspor,A,0,3,2,1.2,1.2,0.0,0.0
2023-12-02,16:00,Pendikspor,Galatasaray,A,0,3,2,1.8,2.4,0.0,0.0
2023-12-03,13:00,Trabzonspor,Kayserispor,A,0,3,2,2.2,2.6,0.0,0.0
2023-12-03,10:30,Kasimpasa,Gaziantep,H,3,0,1,1.2,1.8,0.0,0.0
2023-12-03,16:00,Ankaragucu,Besiktas,D,1,1,0,1.4,1.8,0.0,0.0
2023-12-04,17:00,Fenerbahce,Sivasspor,H,3,0,1,2.0,1.0,0.0,0.0
2023-12-08,17:00,Galatasaray,Ad. Demirspor,H,3,0,1,2.4,1.2,0.0,0.0
2023-12-09,10:30,Antalyaspor,Karagumruk,H,3,0,1,2.2,1.6,0.0,0.0
2023-12-09,13:00,Samsunspor,Kasimpasa,H,3,0,1,1.8,1.2,0.0,0.0
2023-12-09,16:00,Besiktas,Fenerbahce,A,0,3,2,2.0,2.0,0.0,0.0
2023-12-10,10:30,Istanbulspor,Alanyaspor,A,0,3,2,0.6,0.2,0.0,0.0
2023-12-10,13:00,Buyuksehyr,Hatayspor,H,3,0,1,0.8,0.8,0.0,0.0
2023-12-10,13:00,Kayserispor,Pendikspor,H,3,0,1,2.6,1.2,0.0,0.0
2023-12-10,16:00,Gaziantep,Trabzonspor,A,0,3,2,1.2,1.6,0.0,0.0
2023-12-11,17:00,Ankaragucu,Rizespor,D,1,1,0,1.6,1.4,0.0,0.0
2023-12-11,17:00,Konyaspor,Sivasspor,A,0,3,2,1.0,1.0,0.0,0.0
2023-12-19,17:00,Istanbulspor,Trabzonspor,A,0,3,2,0.6,2.0,0.0,0.0
2023-12-19,14:00,Buyuksehyr,Sivasspor,H,3,0,1,1.4,1.0,0.0,0.0
2023-12-19,17:00,Gaziantep,Ad. Demirspor,D,1,1,0,1.2,0.6,0.0,0.0
2023-12-20,14:00,Kayserispor,Fenerbahce,A,0,3,2,2.6,2.0,0.0,0.0
2023-12-20,17:00,Antalyaspor,Kasimpasa,D,1,1,0,2.2,0.6,0.0,0.0
2023-12-20,17:00,Galatasaray,Karagumruk,H,3,0,1,2.4,1.4,0.0,0.0
2023-12-21,17:00,Besiktas,Alanyaspor,A,0,3,2,1.4,0.8,0.0,0.0
2023-12-21,14:00,Rizespor,Pendikspor,H,3,0,1,1.6,1.2,0.0,0.0
2023-12-21,14:00,Samsunspor,Konyaspor,D,1,1,0,1.8,1.0,0.0,0.0
2023-12-21,17:00,Ankaragucu,Hatayspor,D,1,1,0,1.2,0.8,0.0,0.0
2023-12-23,13:00,Karagumruk,Gaziantep,A,0,3,2,1.2,0.8,0.0,0.0
2023-12-23,16:00,Trabzonspor,Buyuksehyr,D,1,1,0,2.0,1.8,0.0,0.0
2023-12-23,10:30,Sivasspor,Istanbulspor,H,3,0,1,0.8,0.6,0.0,0.0
2023-12-24,10:30,Konyaspor,Kayserispor,H,3,0,1,1.0,2.0,0.0,0.0
2023-12-24,13:00,Ad. Demirspor,Antalyaspor,H,3,0,1,0.6,1.8,0.0,0.0
2023-12-24,16:00,Fenerbahce,Galatasaray,D,1,1,0,2.6,2.4,0.0,0.0
2023-12-25,14:00,Alanyaspor,Samsunspor,H,3,0,1,1.4,1.4,0.0,0.0
2023-12-25,14:00,Kasimpasa,Rizespor,D,1,1,0,0.8,2.2,0.0,0.0
2023-12-25,17:00,Hatayspor,Besiktas,A,0,3,2,1.0,1.4,0.0,0.0
2023-12-25,17:00,Pendikspor,Ankaragucu,D,1,1,0,0.6,1.2,0.0,0.0
2024-01-05,17:00,Besiktas,Kasimpasa,A,0,3,2,1.4,1.0,0.0,0.0
2024-01-05,14:00,Gaziantep,Pendikspor,D,1,1,0,0.8,0.2,0.0,0.0
2024-01-05,17:00,Antalyaspor,Alanyaspor,D,1,1,0,1.2,2.0,0.0,0.0
2024-01-06,16:00,Samsunspor,Karagumruk,H,3,0,1,1.4,0.6,0.0,0.0
2024-01-06,16:00,Ankaragucu,Trabzonspor,A,0,3,2,1.4,1.6,0.0,0.0
2024-01-06,10:30,Rizespor,Hatayspor,H,3,0,1,1.8,0.4,0.0,0.0
2024-01-06,13:00,Buyuksehyr,Ad. Demirspor,D,1,1,0,2.0,1.0,0.0,0.0
2024-01-07,10:30,Kayserispor,Sivasspor,A,0,3,2,1.4,1.4,0.0,0.0
2024-01-07,13:00,Istanbulspor,Fenerbahce,A,0,3,2,0.6,2.6,0.0,0.0
2024-01-07,16:00,Galatasaray,Konyaspor,H,3,0,1,2.6,1.6,0.0,0.0
2024-01-09,17:00,Kasimpasa,Buyuksehyr,A,0,3,2,1.6,1.6,0.0,0.0
2024-01-09,14:00,Alanyaspor,Ankaragucu,D,1,1,0,2.2,0.8,0.0,0.0
2024-01-09,14:00,Pendikspor,Antalyaspor,A,0,3,2,0.4,1.2,0.0,0.0
2024-01-09,17:00,Rizespor,Besiktas,A,0,3,2,2.2,0.8,0.0,0.0
2024-01-10,17:00,Fenerbahce,Konyaspor,H,3,0,1,2.6,1.0,0.0,0.0
2024-01-10,17:00,Ad. Demirspor,Istanbulspor,D,1,1,0,1.0,0.0,0.0,0.0
2024-01-10,14:00,Karagumruk,Kayserispor,H,3,0,1,0.6,1.2,0.0,0.0
2024-01-10,14:00,Hatayspor,Gaziantep,D,1,1,0,0.4,1.0,0.0,0.0
2024-01-11,14:00,Sivasspor,Galatasaray,D,1,1,0,1.8,2.6,0.0,0.0
2024-01-11,17:00,Trabzonspor,Samsunspor,H,3,0,1,2.0,2.0,0.0,0.0
2024-01-13,10:30,Ankaragucu,Kasimpasa,H,3,0,1,0.8,1.0,0.0,0.6
2024-01-13,10:30,Hatayspor,Pendikspor,D,1,1,0,0.4,0.4,0.6,0.0
2024-01-13,13:00,Buyuksehyr,Alanyaspor,H,3,0,1,2.2,2.2,0.0,0.6
2024-01-13,16:00,Besiktas,Karagumruk,H,3,0,1,1.2,0.6,0.6,0.0
2024-01-13,16:00,Rizespor,Ad. Demirspor,H,3,0,1,1.6,1.2,0.0,0.6
2024-01-14,16:00,Gaziantep,Fenerbahce,A,0,3,2,1.2,2.6,0.0,0.6
2024-01-14,13:00,Samsunspor,Sivasspor,H,3,0,1,1.4,2.0,0.2,0.2
2024-01-14,13:00,Antalyaspor,Trabzonspor,D,1,1,0,1.6,2.6,0.0,0.6
2024-01-14,10:30,Istanbulspor,Konyaspor,D,1,1,0,0.2,0.8,0.2,0.2
2024-01-15,17:00,Galatasaray,Kayserispor,H,3,0,1,2.2,0.6,0.2,0.2
2024-01-20,10:30,Kasimpasa,Hatayspor,H,3,0,1,1.0,0.6,0.2,0.2
2024-01-20,13:00,Alanyaspor,Rizespor,H,3,0,1,1.6,2.0,0.2,0.2
2024-01-20,13:00,Karagumruk,Buyuksehyr,D,1,1,0,0.6,2.2,0.6,0.0
2024-01-20,16:00,Ad. Demirspor,Ankaragucu,D,1,1,0,1.2,1.2,0.2,0.2
2024-01-20,16:00,Pendikspor,Besiktas,H,3,0,1,0.6,1.8,0.2,0.2
2024-01-21,13:00,Konyaspor,Antalyaspor,D,1,1,0,1.0,1.2,0.2,0.2
2024-01-21,16:00,Trabzonspor,Galatasaray,A,0,3,2,2.2,2.2,0.0,0.6
2024-01-21,10:30,Sivasspor,Gaziantep,D,1,1,0,1.4,1.2,0.6,0.0
2024-01-21,13:00,Fenerbahce,Samsunspor,D,1,1,0,2.6,1.4,0.6,0.0
2024-01-22,17:00,Kayserispor,Istanbulspor,A,0,3,2,0.0,0.4,0.2,0.2
2024-01-23,14:00,Hatayspor,Alanyaspor,D,1,1,0,0.4,1.6,0.2,0.2
2024-01-23,17:00,Besiktas,Ad. Demirspor,D,1,1,0,1.8,1.2,0.0,0.6
2024-01-23,17:00,Pendikspor,Kasimpasa,H,3,0,1,1.2,1.4,0.2,0.2
2024-01-24,14:00,Ankaragucu,Karagumruk,H,3,0,1,1.2,0.8,0.2,0.2
2024-01-24,14:00,Gaziantep,Konyaspor,D,1,1,0,1.2,1.0,0.0,0.6
2024-01-24,17:00,Antalyaspor,Sivasspor,H,3,0,1,1.2,1.6,0.2,0.2
2024-01-24,17:00,Buyuksehyr,Fenerbahce,A,0,3,2,1.8,2.2,0.0,0.6
2024-01-25,17:00,Rizespor,Trabzonspor,H,3,0,1,1.4,1.6,0.6,0.0
2024-01-25,17:00,Galatasaray,Istanbulspor,H,3,0,1,2.2,1.0,0.6,0.0
2024-01-25,14:00,Samsunspor,Kayserispor,H,3,0,1,1.4,0.0,0.0,0.6
2024-01-27,13:00,Alanyaspor,Pendikspor,D,1,1,0,1.2,1.6,0.2,0.2
2024-01-27,16:00,Ad. Demirspor,Hatayspor,A,0,3,2,0.8,0.6,0.2,0.2
2024-01-28,10:30,Konyaspor,Buyuksehyr,A,0,3,2,0.6,1.6,0.6,0.0
2024-01-28,13:00,Karagumruk,Rizespor,H,3,0,1,0.8,1.8,0.0,0.6
2024-01-28,13:00,Sivasspor,Besiktas,H,3,0,1,1.0,1.4,0.0,0.6
2024-01-28,16:00,Fenerbahce,Ankaragucu,H,3,0,1,2.6,1.6,0.6,0.0
2024-01-29,17:00,Trabzonspor,Kasimpasa,A,0,3,2,1.4,1.2,0.6,0.0
2024-01-29,14:00,Istanbulspor,Samsunspor,D,1,1,0,1.0,2.0,0.0,0.6
2024-01-29,14:00,Kayserispor,Antalyaspor,D,1,1,0,0.0,1.8,0.2,0.2
2024-01-29,17:00,Galatasaray,Gaziantep,H,3,0,1,2.6,0.8,0.6,0.0
2024-02-02,14:00,Hatayspor,Karagumruk,H,3,0,1,1.2,1.4,0.2,0.2
2024-02-02,17:00,Samsunspor,Galatasaray,A,0,3,2,1.6,2.6,0.0,0.6
2024-02-02,14:00,Ankaragucu,Sivasspor,D,1,1,0,1.6,1.0,0.6,0.0
2024-02-03,10:30,Rizespor,Konyaspor,D,1,1,0,1.2,0.6,0.6,0.0
2024-02-03,13:00,Buyuksehyr,Istanbulspor,H,3,0,1,2.0,1.2,0.6,0.0
2024-02-03,16:00,Antalyaspor,Fenerbahce,A,0,3,2,1.8,2.6,0.0,0.6
2024-02-03,16:00,Gaziantep,Kayserispor,D,1,1,0,0.6,0.2,0.0,0.6
2024-02-04,10:30,Pendikspor,Ad. Demirspor,H,3,0,1,1.6,0.6,0.0,0.6
2024-02-04,13:00,Kasimpasa,Alanyaspor,H,3,0,1,1.2,1.2,0.2,0.2
2024-02-04,16:00,Besiktas,Trabzonspor,H,3,0,1,1.4,0.8,0.0,0.6
2024-02-09,17:00,Ad. Demirspor,Kasimpasa,A,0,3,2,0.4,1.8,0.0,0.6
2024-02-10,13:00,Karagumruk,Pendikspor,H,3,0,1,0.8,2.2,0.2,0.2
2024-02-10,16:00,Galatasaray,Buyuksehyr,H,3,0,1,3.0,2.0,0.6,0.0
2024-02-11,16:00,Fenerbahce,Alanyaspor,D,1,1,0,2.6,1.0,0.6,0.0
2024-02-11,13:00,Konyaspor,Ankaragucu,H,3,0,1,0.8,1.6,0.2,0.2
2024-02-11,10:30,Sivasspor,Rizespor,H,3,0,1,1.0,1.4,0.2,0.2
2024-02-11,13:00,Istanbulspor,Gaziantep,A,0,3,2,1.0,0.6,0.0,0.6
2024-02-12,14:00,Trabzonspor,Hatayspor,H,3,0,1,0.2,1.6,0.0,0.6
2024-02-12,17:00,Kayserispor,Besiktas,D,1,1,0,0.4,1.4,0.0,0.6
2024-02-12,17:00,Samsunspor,Antalyaspor,H,3,0,1,1.6,1.2,0.0,0.6
2024-02-16,17:00,Kasimpasa,Karagumruk,D,1,1,0,2.4,1.4,0.6,0.0
2024-02-17,13:00,Hatayspor,Sivasspor,D,1,1,0,1.4,1.6,0.2,0.2
2024-02-17,16:00,Rizespor,Fenerbahce,A,0,3,2,0.8,2.2,0.0,0.6
2024-02-17,10:30,Antalyaspor,Istanbulspor,D,1,1,0,1.0,0.8,0.6,0.0
2024-02-18,16:00,Ankaragucu,Galatasaray,A,0,3,2,1.0,3.0,0.0,0.6
2024-02-18,13:00,Pendikspor,Trabzonspor,A,0,3,2,2.0,0.6,0.0,0.6
2024-02-18,10:30,Alanyaspor,Ad. Demirspor,D,1,1,0,1.2,0.4,0.0,0.6
2024-02-18,13:00,Gaziantep,Samsunspor,D,1,1,0,1.2,1.6,0.6,0.0
2024-02-19,17:00,Besiktas,Konyaspor,H,3,0,1,1.0,1.2,0.6,0.0
2024-02-19,17:00,Buyuksehyr,Kayserispor,A,0,3,2,1.4,0.6,0.2,0.2
2024-02-23,17:00,Samsunspor,Rizespor,H,3,0,1,1.6,0.8,0.0,0.6
2024-02-24,10:30,Kayserispor,Ankaragucu,H,3,0,1,1.2,0.8,0.0,0.6
2024-02-24,13:00,Gaziantep,Buyuksehyr,A,0,3,2,1.2,1.2,0.0,0.6
2024-02-24,16:00,Fenerbahce,Kasimpasa,H,3,0,1,2.6,2.0,0.6,0.0
2024-02-24,16:00,Konyaspor,Hatayspor,H,3,0,1,1.0,1.6,0.0,0.6
2024-02-25,10:30,Sivasspor,Pendikspor,H,3,0,1,1.6,1.4,0.6,0.0
2024-02-25,13:00,Karagumruk,Alanyaspor,D,1,1,0,1.4,0.8,0.0,0.6
2024-02-25,13:00,Trabzonspor,Ad. Demirspor,H,3,0,1,1.2,0.4,0.0,0.6
2024-02-25,16:00,Istanbulspor,Besiktas,A,0,3,2,0.4,1.6,0.0,0.6
2024-02-26,17:00,Galatasaray,Antalyaspor,H,3,0,1,3.0,1.0,0.6,0.0
2024-03-01,17:00,Kasimpasa,Sivasspor,D,1,1,0,2.0,2.2,0.6,0.0
2024-03-02,13:00,Rizespor,Kayserispor,H,3,0,1,0.2,1.8,0.0,0.6
2024-03-02,16:00,Hatayspor,Fenerbahce,A,0,3,2,1.4,2.6,0.0,0.6
2024-03-02,10:30,Ankaragucu,Istanbulspor,D,1,1,0,0.2,0.4,0.0,0.6
2024-03-03,10:30,Pendikspor,Konyaspor,A,0,3,2,0.8,1.4,0.6,0.0
2024-03-03,16:00,Besiktas,Galatasaray,A,0,3,2,2.0,3.0,0.0,0.6
2024-03-03,10:30,Buyuksehyr,Samsunspor,H,3,0,1,1.8,1.6,0.2,0.2
2024-03-04,17:00,Alanyaspor,Trabzonspor,H,3,0,1,0.8,1.8,0.0,0.6
2024-03-04,17:00,Antalyaspor,Gaziantep,H,3,0,1,0.4,1.0,0.0,0.6
2024-03-04,14:00,Ad. Demirspor,Karagumruk,H,3,0,1,0.2,1.6,0.0,0.6
2024-03-08,17:00,Galatasaray,Rizespor,H,3,0,1,3.0,0.8,0.6,0.0
2024-03-09,10:30,Sivasspor,Alanyaspor,A,0,3,2,1.8,1.2,0.6,0.0
2024-03-09,13:00,Konyaspor,Ad. Demirspor,D,1,1,0,2.0,0.8,0.0,0.6
2024-03-09,16:00,Buyuksehyr,Antalyaspor,H,3,0,1,1.8,0.8,0.0,0.6
2024-03-09,16:00,Trabzonspor,Karagumruk,H,3,0,1,1.8,1.0,0.2,0.2
2024-03-10,10:30,Kayserispor,Hatayspor,D,1,1,0,1.6,0.8,0.6,0.0
2024-03-10,13:00,Istanbulspor,Kasimpasa,A,0,3,2,0.4,1.6,0.0,0.6
2024-03-10,13:00,Samsunspor,Ankaragucu,H,3,0,1,1.4,0.4,0.0,0.6
2024-03-10,16:00,Fenerbahce,Pendikspor,H,3,0,1,2.6,0.6,0.6,0.0
2024-03-11,17:30,Gaziantep,Besiktas,H,3,0,1,1.0,2.0,0.0,0.6
2024-03-15,17:30,Pendikspor,Istanbulspor,H,3,0,1,0.0,0.4,0.6,0.0
2024-03-15,17:30,Karagumruk,Konyaspor,D,1,1,0,1.0,2.0,0.2,0.2
2024-03-16,10:30,Alanyaspor,Kayserispor,H,3,0,1,1.8,1.6,0.0,0.6
2024-03-16,13:00,Ankaragucu,Buyuksehyr,H,3,0,1,0.2,1.8,0.2,0.2
2024-03-16,17:30,Ad. Demirspor,Sivasspor,H,3,0,1,1.0,1.6,0.2,0.2
2024-03-16,17:30,Besiktas,Antalyaspor,A,0,3,2,1.4,0.8,0.0,0.6
2024-03-17,10:30,Rizespor,Gaziantep,H,3,0,1,0.6,1.4,0.0,0.6
2024-03-17,13:00,Hatayspor,Samsunspor,H,3,0,1,0.4,2.0,0.0,0.6
2024-03-17,13:00,Kasimpasa,Galatasaray,A,0,3,2,1.6,3.0,0.0,0.6
2024-03-17,17:30,Trabzonspor,Fenerbahce,A,0,3,2,2.4,2.6,0.6,0.0
2024-04-02,18:30,Gaziantep,Alanyaspor,A,0,3,2,0.8,2.2,0.6,0.0
2024-04-02,18:30,Galatasaray,Hatayspor,H,3,0,1,3.0,1.0,0.0,0.6
2024-04-02,15:00,Istanbulspor,Rizespor,A,0,3,2,0.4,1.2,0.0,0.6
2024-04-02,18:30,Antalyaspor,Ankaragucu,D,1,1,0,1.4,0.8,0.6,0.0
2024-04-03,15:00,Sivasspor,Karagumruk,H,3,0,1,1.0,0.6,0.0,0.6
2024-04-03,18:30,Fenerbahce,Ad. Demirspor,H,3,0,1,3.0,1.6,0.2,0.2
2024-04-03,18:30,Kayserispor,Kasimpasa,A,0,3,2,1.4,1.0,0.6,0.0
2024-04-03,18:30,Konyaspor,Trabzonspor,A,0,3,2,1.6,1.8,0.0,0.6
2024-04-04,18:30,Buyuksehyr,Besiktas,D,1,1,0,1.8,1.2,0.0,0.6
2024-04-04,18:30,Samsunspor,Pendikspor,D,1,1,0,1.4,0.6,0.0,0.6
2024-04-12,18:00,Trabzonspor,Sivasspor,A,0,3,2,1.8,1.4,0.2,0.2
2024-04-13,14:00,Ankaragucu,Gaziantep,H,3,0,1,1.0,0.6,0.6,0.0
2024-04-13,17:00,Besiktas,Samsunspor,D,1,1,0,0.8,1.4,0.6,0.0
2024-04-13,11:30,Kasimpasa,Konyaspor,A,0,3,2,1.4,1.6,0.0,0.6
2024-04-13,17:00,Ad. Demirspor,Kayserispor,D,1,1,0,1.4,0.8,0.2,0.2
2024-04-14,17:00,Karagumruk,Fenerbahce,A,0,3,2,0.4,3.0,0.0,0.6
2024-04-14,11:30,Pendikspor,Buyuksehyr,A,0,3,2,0.8,2.0,0.0,0.6
2024-04-14,14:00,Hatayspor,Istanbulspor,A,0,3,2,0.8,0.2,0.0,0.6
2024-04-14,14:00,Rizespor,Antalyaspor,H,3,0,1,1.8,1.4,0.2,0.2
2024-04-15,18:00,Alanyaspor,Galatasaray,A,0,3,2,2.6,3.0,0.0,0.6
2024-04-19,18:00,Besiktas,Ankaragucu,H,3,0,1,0.4,1.6,0.2,0.2
2024-04-20,17:00,Kayserispor,Trabzonspor,A,0,3,2,0.4,1.2,0.6,0.0
2024-04-20,17:00,Samsunspor,Ad. Demirspor,D,1,1,0,1.0,1.6,0.6,0.0
2024-04-20,11:30,Istanbulspor,Karagumruk,A,0,3,2,0.8,0.2,0.0,0.6
2024-04-20,14:00,Konyaspor,Alanyaspor,A,0,3,2,1.6,2.4,0.2,0.2
2024-04-21,17:00,Gaziantep,Kasimpasa,H,3,0,1,0.6,1.4,0.0,0.6
2024-04-21,17:00,Galatasaray,Pendikspor,H,3,0,1,3.0,0.8,0.6,0.0
2024-04-21,11:30,Buyuksehyr,Rizespor,H,3,0,1,2.0,2.4,0.0,0.6
2024-04-21,17:00,Antalyaspor,Hatayspor,H,3,0,1,1.4,0.8,0.2,0.2
2024-04-22,18:00,Sivasspor,Fenerbahce,D,1,1,0,1.4,3.0,0.0,0.6
2024-04-26,18:00,Ad. Demirspor,Galatasaray,A,0,3,2,1.2,3.0,0.0,0.6
2024-04-27,14:00,Kasimpasa,Samsunspor,H,3,0,1,1.2,1.2,0.0,0.6
2024-04-27,14:00,Sivasspor,Konyaspor,H,3,0,1,1.4,1.0,0.6,0.0
2024-04-27,17:00,Fenerbahce,Besiktas,H,3,0,1,2.6,1.0,0.6,0.0
2024-04-27,17:00,Hatayspor,Buyuksehyr,A,0,3,2,0.8,2.0,0.0,0.6
2024-04-28,17:00,Rizespor,Ankaragucu,D,1,1,0,1.8,1.4,0.2,0.2
2024-04-28,17:00,Trabzonspor,Gaziantep,H,3,0,1,1.8,1.2,0.6,0.0
2024-04-28,14:00,Alanyaspor,Istanbulspor,H,3,0,1,2.4,0.6,0.6,0.0
2024-04-28,14:00,Pendikspor,Kayserispor,A,0,3,2,0.8,0.4,0.0,0.6
2024-04-29,18:00,Karagumruk,Antalyaspor,H,3,0,1,0.8,1.4,0.0,0.6
2024-05-03,18:00,Ankaragucu,Alanyaspor,D,1,1,0,1.6,2.4,0.2,0.2
2024-05-03,18:00,Besiktas,Rizespor,H,3,0,1,1.0,2.0,0.6,0.0
2024-05-04,14:00,Istanbulspor,Ad. Demirspor,A,0,3,2,0.6,1.0,0.2,0.2
2024-05-04,17:00,Kayserispor,Karagumruk,D,1,1,0,0.8,1.4,0.0,0.6
2024-05-04,17:00,Samsunspor,Trabzonspor,H,3,0,1,0.6,1.8,0.0,0.6
2024-05-05,17:00,Gaziantep,Hatayspor,D,1,1,0,0.6,0.6,0.2,0.2
2024-05-05,14:00,Buyuksehyr,Kasimpasa,H,3,0,1,2.0,1.2,0.6,0.0
2024-05-05,17:00,Galatasaray,Sivasspor,H,3,0,1,3.0,2.0,0.2,0.2
2024-05-06,18:00,Konyaspor,Fenerbahce,D,1,1,0,0.8,2.6,0.0,0.6
2024-05-06,18:00,Antalyaspor,Pendikspor,A,0,3,2,1.4,0.8,0.6,0.0
2024-05-12,17:00,Ad. Demirspor,Gaziantep,A,0,3,2,1.0,0.8,0.2,0.2
2024-05-12,17:00,Alanyaspor,Besiktas,D,1,1,0,2.0,1.6,0.6,0.0
2024-05-12,17:00,Fenerbahce,Kayserispor,H,3,0,1,2.2,1.0,0.6,0.0
2024-05-12,17:00,Hatayspor,Ankaragucu,H,3,0,1,0.2,1.2,0.2,0.2
2024-05-12,17:00,Karagumruk,Galatasaray,A,0,3,2,1.4,3.0,0.0,0.6
2024-05-12,17:00,Kasimpasa,Antalyaspor,H,3,0,1,1.2,0.8,0.2,0.2
2024-05-12,17:00,Konyaspor,Samsunspor,H,3,0,1,0.8,1.2,0.2,0.2
2024-05-12,17:00,Pendikspor,Rizespor,H,3,0,1,0.8,1.4,0.0,0.6
2024-05-12,17:00,Sivasspor,Buyuksehyr,A,0,3,2,2.0,2.6,0.0,0.6
2024-05-12,17:00,Trabzonspor,Istanbulspor,H,3,0,1,1.8,0.6,0.6,0.0
2024-05-17,15:00,Istanbulspor,Sivasspor,A,0,3,2,0.6,1.4,0.0,0.6
2024-05-17,18:00,Antalyaspor,Ad. Demirspor,H,3,0,1,0.6,1.0,0.0,0.6
2024-05-18,17:00,Rizespor,Kasimpasa,D,1,1,0,0.8,1.2,0.2,0.2
2024-05-18,17:00,Kayserispor,Konyaspor,D,1,1,0,1.0,1.4,0.0,0.6
2024-05-18,17:00,Gaziantep,Karagumruk,H,3,0,1,1.4,1.4,0.6,0.0
2024-05-18,17:00,Samsunspor,Alanyaspor,D,1,1,0,1.0,1.6,0.0,0.6
2024-05-18,17:00,Besiktas,Hatayspor,D,1,1,0,1.6,0.8,0.6,0.0
2024-05-18,17:00,Ankaragucu,Pendikspor,D,1,1,0,1.0,1.2,0.2,0.2
2024-05-18,17:00,Buyuksehyr,Trabzonspor,A,0,3,2,3.0,1.8,0.2,0.2
2024-05-19,17:00,Galatasaray,Fenerbahce,A,0,3,2,3.0,2.2,0.2,0.2
2024-05-24,18:00,Alanyaspor,Antalyaspor,D,1,1,0,1.8,1.2,0.2,0.2
2024-05-25,17:00,Sivasspor,Kayserispor,H,3,0,1,1.4,1.0,0.6,0.0
2024-05-25,14:00,Karagumruk,Samsunspor,H,3,0,1,1.4,1.0,0.0,0.6
2024-05-26,17:00,Ad. Demirspor,Buyuksehyr,A,0,3,2,0.8,2.4,0.2,0.2
2024-05-26,17:00,Fenerbahce,Istanbulspor,H,3,0,1,2.2,0.0,0.6,0.0
2024-05-26,17:00,Hatayspor,Rizespor,H,3,0,1,1.0,0.4,0.0,0.6
2024-05-26,17:00,Kasimpasa,Besiktas,H,3,0,1,1.4,1.6,0.6,0.0
2024-05-26,17:00,Konyaspor,Galatasaray,A,0,3,2,1.0,2.4,0.0,0.6
2024-05-26,17:00,Pendikspor,Gaziantep,A,0,3,2,1.4,2.0,0.2,0.2
2024-05-26,17:00,Trabzonspor,Ankaragucu,H,3,0,1,2.4,0.6,0.6,0.0
2024-08-09,19:00,Galatasaray,Hatayspor,H,3,0,1,2.4,1.6,0.6,0.6
2024-08-10,19:45,Antalyaspor,Goztep,D,1,1,0,0.8,0.0,0.0,0.0
2024-08-10,19:45,Fenerbahce,Ad. Demirspor,H,3,0,1,2.6,0.6,0.8,0.2
2024-08-10,17:15,Kasimpasa,Konyaspor,A,0,3,2,2.0,1.0,0.0,1.2
2024-08-11,17:15,Sivasspor,Trabzonspor,D,1,1,0,1.8,2.4,0.8,0.2
2024-08-11,19:45,Alanyaspor,Eyupspor,D,1,1,0,1.4,0.0,0.0,0.0
2024-08-11,19:45,Samsunspor,Besiktas,A,0,3,2,0.8,1.0,0.2,0.8
2024-08-12,19:00,Bodrumspor,Gaziantep,A,0,3,2,0.0,2.0,0.0,0.0
2024-08-12,19:00,Rizespor,Buyuksehyr,D,1,1,0,0.4,2.4,0.6,0.6
2024-08-16,19:00,Konyaspor,Galatasaray,A,0,3,2,1.6,2.4,0.0,1.2
2024-08-17,19:45,Goztep,Fenerbahce,D,1,1,0,0.2,2.6,0.0,0.0
2024-08-17,17:15,Kayserispor,Sivasspor,A,0,3,2,1.0,1.4,0.0,1.2
2024-08-17,19:45,Ad. Demirspor,Rizespor,A,0,3,2,0.6,0.4,0.6,0.6
2024-08-18,19:45,Besiktas,Antalyaspor,H,3,0,1,1.6,1.0,0.0,1.2
2024-08-18,19:45,Gaziantep,Samsunspor,A,0,3,2,2.6,0.8,0.8,0.2
2024-08-18,17:15,Buyuksehyr,Alanyaspor,H,3,0,1,2.0,1.0,0.6,0.6
2024-08-19,19:00,Eyupspor,Bodrumspor,H,3,0,1,0.2,0.0,0.0,0.0
2024-08-19,19:00,Hatayspor,Kasimpasa,D,1,1,0,1.6,1.4,0.2,0.8
2024-08-23,19:00,Alanyaspor,Goztep,D,1,1,0,0.8,0.4,0.0,0.0
2024-08-24,17:15,Sivasspor,Eyupspor,A,0,3,2,2.0,0.8,0.0,0.0
2024-08-24,19:45,Bodrumspor,Konyaspor,H,3,0,1,0.0,1.4,0.0,0.0
2024-08-25,17:15,Kasimpasa,Ad. Demirspor,D,1,1,0,1.6,0.0,1.2,0.0
2024-08-25,19:45,Antalyaspor,Hatayspor,H,3,0,1,1.0,1.6,0.8,0.2
2024-08-25,19:45,Rizespor,Fenerbahce,A,0,3,2,1.0,2.6,0.0,1.2
2024-08-30,19:00,Fenerbahce,Alanyaspor,H,3,0,1,2.6,0.8,0.8,0.2
2024-08-31,17:15,Rizespor,Kasimpasa,A,0,3,2,1.0,1.2,0.4,0.4
2024-08-31,19:45,Goztep,Bodrumspor,H,3,0,1,0.6,0.6,0.0,0.0
2024-08-31,17:15,Konyaspor,Kayserispor,D,1,1,0,0.8,0.4,0.8,0.2
2024-08-31,19:45,Ad. Demirspor,Galatasaray,A,0,3,2,0.2,2.4,0.0,1.2
2024-09-01,17:15,Buyuksehyr,Antalyaspor,H,3,0,1,2.0,1.6,0.6,0.6
2024-09-01,17:15,Eyupspor,Trabzonspor,D,1,1,0,1.4,2.0,0.0,0.0
2024-09-01,19:45,Besiktas,Sivasspor,H,3,0,1,1.6,2.0,0.6,0.6
2024-09-01,19:45,Hatayspor,Samsunspor,A,0,3,2,1.0,0.8,0.6,0.6
2024-09-14,18:00,Bodrumspor,Buyuksehyr,A,0,3,2,0.6,2.0,0.0,0.0
2024-09-14,15:00,Samsunspor,Konyaspor,A,0,3,2,1.4,0.8,0.2,0.8
2024-09-14,15:00,Sivasspor,Gaziantep,H,3,0,1,1.4,2.4,0.8,0.2
2024-09-14,18:00,Galatasaray,Rizespor,H,3,0,1,2.4,0.8,1.2,0.0
2024-09-15,18:00,Trabzonspor,Besiktas,D,1,1,0,2.2,2.0,0.6,0.6
2024-09-15,18:00,Alanyaspor,Hatayspor,D,1,1,0,0.6,0.8,0.4,0.4
2024-09-15,15:00,Kasimpasa,Fenerbahce,A,0,3,2,1.6,2.6,0.0,1.2
2024-09-15,15:00,Kayserispor,Eyupspor,D,1,1,0,0.4,1.6,0.0,0.0
2024-09-16,18:00,Antalyaspor,Ad. Demirspor,H,3,0,1,1.0,0.2,0.6,0.6
2024-09-17,18:00,Galatasaray,Gaziantep,H,3,0,1,3.0,1.8,1.2,0.0
2024-09-18,18:00,Samsunspor,Buyuksehyr,H,3,0,1,1.2,2.6,0.2,0.8
2024-09-19,18:00,Trabzonspor,Kayserispor,D,1,1,0,1.8,0.6,0.6,0.6
2024-09-20,18:00,Hatayspor,Bodrumspor,A,0,3,2,0.4,0.6,0.0,0.0
2024-09-21,15:00,Konyaspor,Sivasspor,D,1,1,0,1.4,1.4,0.0,1.2
2024-09-21,18:00,Fenerbahce,Galatasaray,A,0,3,2,2.6,3.0,0.8,0.2
2024-09-22,18:00,Besiktas,Eyupspor,H,3,0,1,2.0,1.8,0.0,0.0
2024-09-22,18:00,Ad. Demirspor,Alanyaspor,A,0,3,2,0.2,0.6,0.8,0.2
2024-09-22,15:00,Rizespor,Samsunspor,A,0,3,2,0.8,1.8,0.6,0.6
2024-09-22,15:00,Kasimpasa,Antalyaspor,D,1,1,0,1.0,1.4,0.8,0.2
2024-09-23,18:00,Gaziantep,Trabzonspor,D,1,1,0,1.2,1.4,0.0,1.2
2024-09-23,18:00,Goztep,Kayserispor,H,3,0,1,1.2,0.6,0.0,0.0
2024-09-27,18:00,Sivasspor,Buyuksehyr,A,0,3,2,1.4,2.0,0.0,1.2
2024-09-28,14:00,Samsunspor,Goztep,H,3,0,1,2.4,1.8,0.0,0.0
2024-09-28,17:00,Alanyaspor,Rizespor,H,3,0,1,1.0,0.6,0.8,0.2
2024-09-28,17:00,Galatasaray,Kasimpasa,D,1,1,0,3.0,1.2,1.2,0.0
2024-09-29,17:00,Bodrumspor,Ad. Demirspor,H,3,0,1,1.2,0.2,0.0,0.0
2024-09-29,17:00,Antalyaspor,Fenerbahce,A,0,3,2,1.4,2.0,0.0,1.2
2024-09-29,14:00,Eyupspor,Gaziantep,H,3,0,1,1.6,0.8,0.0,0.0
2024-09-29,14:00,Trabzonspor,Konyaspor,H,3,0,1,1.0,1.0,1.2,0.0
2024-09-30,18:00,Kayserispor,Besiktas,A,0,3,2,0.6,2.6,0.2,0.8
2024-10-04,18:00,Rizespor,Antalyaspor,H,3,0,1,0.0,1.4,0.8,0.2
2024-10-05,11:30,Kasimpasa,Bodrumspor,D,1,1,0,1.2,1.8,0.0,0.0
2024-10-05,14:00,Goztep,Sivasspor,H,3,0,1,1.6,0.8,0.0,0.0
2024-10-05,17:00,Buyuksehyr,Kayserispor,D,1,1,0,2.4,0.6,0.2,0.8
2024-10-05,17:00,Hatayspor,Trabzonspor,D,1,1,0,0.4,1.4,0.6,0.6
2024-10-06,17:00,Galatasaray,Alanyaspor,H,3,0,1,2.6,1.6,1.2,0.0
2024-10-06,17:00,Gaziantep,Besiktas,D,1,1,0,0.2,2.6,0.6,0.6
2024-10-06,11:30,Konyaspor,Eyupspor,H,3,0,1,1.0,1.6,0.0,0.0
2024-10-06,14:00,Ad. Demirspor,Samsunspor,A,0,3,2,0.2,2.4,0.2,0.8
2024-10-19,17:00,Eyupspor,Goztep,H,3,0,1,1.0,2.0,0.0,0.0
2024-10-19,11:30,Kayserispor,Gaziantep,D,1,1,0,0.6,0.4,0.8,0.2
2024-10-19,14:00,Trabzonspor,Buyuksehyr,H,3,0,1,1.4,2.0,0.8,0.2
2024-10-19,17:00,Antalyaspor,Galatasaray,A,0,3,2,0.8,2.6,0.0,1.2
2024-10-20,17:00,Alanyaspor,Kasimpasa,A,0,3,2,1.4,1.2,0.2,0.8
2024-10-20,17:00,Samsunspor,Fenerbahce,D,1,1,0,2.4,2.4,0.2,0.8
2024-10-20,11:30,Sivasspor,Hatayspor,H,3,0,1,0.8,0.4,0.4,0.4
2024-10-20,14:00,Besiktas,Konyaspor,H,3,0,1,2.2,1.6,1.2,0.0
2024-10-21,18:00,Bodrumspor,Rizespor,A,0,3,2,1.4,0.6,0.0,0.0
2024-10-25,18:00,Ad. Demirspor,Sivasspor,A,0,3,2,0.0,1.4,0.8,0.2
2024-10-26,14:00,Kasimpasa,Samsunspor,A,0,3,2,1.2,2.6,0.6,0.6
2024-10-26,17:00,Goztep,Trabzonspor,H,3,0,1,1.8,1.8,0.0,0.0
2024-10-26,11:30,Hatayspor,Kayserispor,A,0,3,2,0.4,0.6,0.2,0.8
2024-10-27,10:30,Gaziantep,Konyaspor,H,3,0,1,0.6,1.4,0.2,0.8
2024-10-27,13:00,Alanyaspor,Antalyaspor,A,0,3,2,1.4,0.8,0.4,0.4
2024-10-27,16:00,Fenerbahce,Bodrumspor,H,3,0,1,2.0,1.4,0.0,0.0
2024-10-28,14:00,Buyuksehyr,Eyupspor,D,1,1,0,1.4,1.4,0.0,0.0
2024-10-28,17:00,Galatasaray,Besiktas,H,3,0,1,2.6,2.2,1.2,0.0
2024-11-01,17:00,Gaziantep,Goztep,H,3,0,1,1.2,1.8,0.0,0.0
2024-11-02,10:30,Sivasspor,Rizespor,H,3,0,1,1.4,1.2,0.8,0.2
2024-11-02,13:00,Kayserispor,Ad. Demirspor,D,1,1,0,1.0,0.0,0.4,0.4
2024-11-02,16:00,Besiktas,Kasimpasa,A,0,3,2,2.0,1.2,0.0,1.2
2024-11-03,16:00,Trabzonspor,Fenerbahce,A,0,3,2,1.6,2.0,0.6,0.6
2024-11-03,13:00,Eyupspor,Hatayspor,H,3,0,1,1.4,0.4,0.0,0.0
2024-11-03,10:30,Konyaspor,Buyuksehyr,H,3,0,1,0.8,1.0,0.6,0.6
2024-11-03,13:00,Bodrumspor,Alanyaspor,D,1,1,0,1.4,1.2,0.0,0.0
2024-11-04,17:00,Samsunspor,Antalyaspor,H,3,0,1,2.6,0.8,0.6,0.6
2024-11-08,17:00,Kasimpasa,Kayserispor,A,0,3,2,1.6,1.2,0.6,0.6
2024-11-09,10:30,Antalyaspor,Bodrumspor,H,3,0,1,0.6,1.0,0.0,0.0
2024-11-09,13:00,Hatayspor,Gaziantep,H,3,0,1,0.2,1.6,0.4,0.4
2024-11-09,16:00,Ad. Demirspor,Eyupspor,A,0,3,2,0.2,2.0,0.0,0.0
2024-11-09,16:00,Rizespor,Trabzonspor,H,3,0,1,1.2,1.4,1.2,0.0
2024-11-10,16:00,Fenerbahce,Sivasspor,H,3,0,1,2.0,1.8,0.8,0.2
2024-11-10,16:00,Buyuksehyr,Besiktas,D,1,1,0,1.0,1.4,0.2,0.8
2024-11-10,13:00,Galatasaray,Samsunspor,H,3,0,1,2.6,2.6,1.2,0.0
2024-11-10,10:30,Goztep,Konyaspor,H,3,0,1,1.2,1.2,0.0,0.0
2024-11-23,10:30,Eyupspor,Rizespor,A,0,3,2,2.0,1.8,0.0,0.0
2024-11-23,13:00,Gaziantep,Buyuksehyr,H,3,0,1,1.6,0.6,0.0,1.2
2024-11-23,13:00,Kayserispor,Fenerbahce,A,0,3,2,1.8,2.6,0.0,1.2
2024-11-23,16:00,Bodrumspor,Galatasaray,A,0,3,2,0.4,2.6,0.0,0.0
2024-11-24,10:30,Sivasspor,Kasimpasa,D,1,1,0,1.8,1.4,0.2,0.8
2024-11-24,13:00,Konyaspor,Hatayspor,D,1,1,0,1.2,0.8,0.6,0.6
2024-11-24,13:00,Samsunspor,Alanyaspor,D,1,1,0,2.0,0.8,0.2,0.8
2024-11-24,16:00,Besiktas,Goztep,A,0,3,2,1.0,1.8,0.0,0.0
2024-11-25,17:00,Trabzonspor,Ad. Demirspor,H,3,0,1,0.8,0.2,0.6,0.6
2024-11-29,17:00,Antalyaspor,Sivasspor,H,3,0,1,1.2,2.0,0.8,0.2
2024-11-30,10:30,Samsunspor,Bodrumspor,H,3,0,1,1.6,0.2,0.0,0.0
2024-11-30,13:00,Ad. Demirspor,Konyaspor,A,0,3,2,0.2,0.8,0.8,0.2
2024-11-30,16:00,Alanyaspor,Trabzonspor,H,3,0,1,0.4,1.2,0.6,0.6
2024-11-30,16:00,Buyuksehyr,Goztep,H,3,0,1,0.4,1.8,0.0,0.0
2024-12-01,13:00,Rizespor,Kayserispor,H,3,0,1,2.4,1.6,0.6,0.6
2024-12-01,16:00,Galatasaray,Eyupspor,D,1,1,0,3.0,2.0,0.0,0.0
2024-12-02,17:00,Fenerbahce,Gaziantep,H,3,0,1,2.6,2.0,1.2,0.0
2024-12-02,17:00,Hatayspor,Besiktas,D,1,1,0,0.8,0.8,0.2,0.8
2024-12-06,17:00,Trabzonspor,Kasimpasa,D,1,1,0,0.6,1.4,0.6,0.6
2024-12-07,16:00,Besiktas,Fenerbahce,H,3,0,1,0.4,3.0,0.0,1.2
2024-12-07,13:00,Goztep,Ad. Demirspor,H,3,0,1,1.8,0.2,0.0,0.0
2024-12-07,10:30,Konyaspor,Antalyaspor,D,1,1,0,1.4,1.8,0.4,0.4
2024-12-08,10:30,Eyupspor,Samsunspor,H,3,0,1,1.6,2.0,0.0,0.0
2024-12-08,13:00,Kayserispor,Alanyaspor,H,3,0,1,1.4,1.0,0.6,0.6
2024-12-08,13:00,Sivasspor,Galatasaray,A,0,3,2,1.4,2.6,0.2,0.8
2024-12-08,16:00,Buyuksehyr,Hatayspor,H,3,0,1,1.0,1.0,1.2,0.0
2024-12-09,17:00,Gaziantep,Rizespor,H,3,0,1,1.8,2.4,0.6,0.6
2024-12-13,17:00,Bodrumspor,Sivasspor,H,3,0,1,0.2,0.8,0.0,0.0
2024-12-13,17:00,Kasimpasa,Eyupspor,H,3,0,1,1.0,2.0,0.0,0.0
2024-12-14,16:00,Alanyaspor,Gaziantep,H,3,0,1,1.0,1.8,0.6,0.6
2024-12-14,13:00,Rizespor,Konyaspor,D,1,1,0,1.8,1.6,0.8,0.2
2024-12-15,10:30,Hatayspor,Goztep,D,1,1,0,1.0,1.8,0.0,0.0
2024-12-15,13:00,Antalyaspor,Kayserispor,H,3,0,1,2.0,1.4,0.4,0.4
2024-12-15,16:00,Fenerbahce,Buyuksehyr,H,3,0,1,2.4,1.4,1.2,0.0
2024-12-16,16:00,Ad. Demirspor,Besiktas,H,3,0,1,0.2,1.0,0.8,0.2
2024-12-16,18:00,Galatasaray,Trabzonspor,H,3,0,1,2.6,0.8,1.2,0.0
2024-12-20,17:00,Eyupspor,Fenerbahce,D,1,1,0,1.4,2.4,0.0,0.0
2024-12-21,16:00,Besiktas,Alanyaspor,D,1,1,0,1.0,1.6,0.2,0.8
2024-12-21,13:00,Sivasspor,Samsunspor,D,1,1,0,0.2,1.4,0.2,0.8
2024-12-22,13:00,Kayserispor,Galatasaray,A,0,3,2,1.2,2.6,0.2,0.8
2024-12-22,16:00,Trabzonspor,Bodrumspor,H,3,0,1,0.8,0.8,0.0,0.0
2024-12-22,10:30,Gaziantep,Antalyaspor,H,3,0,1,1.2,2.0,0.6,0.6
2024-12-22,13:00,Goztep,Rizespor,H,3,0,1,2.0,2.0,0.0,0.0
2024-12-23,17:00,Buyuksehyr,Kasimpasa,D,1,1,0,1.4,1.6,1.2,0.0
2024-12-23,17:00,Hatayspor,Ad. Demirspor,A,0,3,2,1.2,0.6,0.8,0.2
2025-01-03,17:00,Alanyaspor,Konyaspor,H,3,0,1,1.6,1.2,0.8,0.2
2025-01-03,17:00,Rizespor,Besiktas,D,1,1,0,1.4,1.0,0.0,1.2
2025-01-04,10:30,Ad. Demirspor,Buyuksehyr,A,0,3,2,1.2,1.4,0.2,0.8
2025-01-04,13:00,Antalyaspor,Eyupspor,A,0,3,2,2.0,1.0,0.0,0.0
2025-01-04,16:00,Galatasaray,Goztep,H,3,0,1,2.6,2.0,0.0,0.0
2025-01-04,17:00,Samsunspor,Trabzonspor,H,3,0,1,1.0,1.4,0.6,0.6
2025-01-05,16:00,Fenerbahce,Hatayspor,H,3,0,1,2.0,0.6,1.2,0.0
2025-01-05,13:00,Bodrumspor,Kayserispor,D,1,1,0,0.6,0.6,0.0,0.0
2025-01-05,10:30,Kasimpasa,Gaziantep,D,1,1,0,1.2,1.8,0.6,0.6
2025-01-11,10:30,Kayserispor,Samsunspor,A,0,3,2,0.8,1.6,0.6,0.6
2025-01-11,13:00,Hatayspor,Rizespor,A,0,3,2,0.4,1.0,0.6,0.6
2025-01-11,16:00,Besiktas,Bodrumspor,H,3,0,1,1.2,0.8,0.0,0.0
2025-01-12,10:30,Sivasspor,Alanyaspor,D,1,1,0,0.4,2.0,0.6,0.6
2025-01-12,13:00,Trabzonspor,Antalyaspor,H,3,0,1,0.8,1.4,0.8,0.2
2025-01-12,16:00,Buyuksehyr,Galatasaray,A,0,3,2,2.0,2.6,0.0,1.2
2025-01-12,16:00,Gaziantep,Ad. Demirspor,H,3,0,1,1.4,1.2,0.8,0.2
2025-01-13,17:00,Goztep,Kasimpasa,H,3,0,1,1.4,1.4,0.0,0.0
2025-01-13,17:00,Konyaspor,Fenerbahce,A,0,3,2,1.2,2.0,0.2,0.8
2025-01-17,17:00,Hatayspor,Galatasaray,D,1,1,0,0.2,3.0,0.6,1.2
2025-01-18,13:00,Gaziantep,Bodrumspor,D,1,1,0,2.0,0.8,0.6,0.0
2025-01-18,16:00,Besiktas,Samsunspor,D,1,1,0,1.6,2.0,1.4,0.2
2025-01-18,10:30,Buyuksehyr,Rizespor,H,3,0,1,1.4,1.0,0.8,0.8
2025-01-19,16:00,Eyupspor,Alanyaspor,H,3,0,1,1.6,1.6,0.2,0.2
2025-01-19,16:00,Ad. Demirspor,Fenerbahce,A,0,3,2,1.2,2.0,0.2,1.4
2025-01-19,13:00,Konyaspor,Kasimpasa,D,1,1,0,1.0,1.2,1.8,0.0
2025-01-19,10:30,Goztep,Antalyaspor,H,3,0,1,2.0,0.8,0.2,0.2
2025-01-20,17:00,Trabzonspor,Sivasspor,H,3,0,1,1.4,0.4,0.4,1.0
2025-01-24,17:00,Samsunspor,Gaziantep,H,3,0,1,1.6,1.6,0.8,0.8
2025-01-25,10:30,Sivasspor,Kayserispor,H,3,0,1,0.4,0.8,1.8,0.0
2025-01-25,13:00,Alanyaspor,Buyuksehyr,H,3,0,1,1.6,1.4,0.6,1.2
2025-01-25,16:00,Galatasaray,Konyaspor,H,3,0,1,2.6,0.6,1.8,0.0
2025-01-26,10:30,Rizespor,Ad. Demirspor,H,3,0,1,1.0,1.2,1.2,0.6
2025-01-26,13:00,Antalyaspor,Besiktas,D,1,1,0,0.6,1.2,1.2,0.6
2025-01-26,13:00,Bodrumspor,Eyupspor,A,0,3,2,1.0,2.0,0.0,0.6
2025-01-26,16:00,Fenerbahce,Goztep,H,3,0,1,2.6,2.0,0.2,0.2
2025-01-27,17:00,Kasimpasa,Hatayspor,H,3,0,1,1.2,0.4,1.0,0.4
2025-01-31,17:00,Eyupspor,Sivasspor,H,3,0,1,2.0,1.0,0.6,0.0
2025-01-31,17:00,Konyaspor,Bodrumspor,H,3,0,1,0.4,0.4,0.0,0.6
2025-02-01,10:30,Hatayspor,Antalyaspor,A,0,3,2,0.2,0.2,0.2,1.4
2025-02-01,13:00,Kayserispor,Trabzonspor,D,1,1,0,0.2,1.8,0.8,0.8
2025-02-01,16:00,Buyuksehyr,Samsunspor,H,3,0,1,1.4,2.2,0.8,0.8
2025-02-02,10:30,Ad. Demirspor,Kasimpasa,A,0,3,2,0.6,1.2,0.2,1.4
2025-02-02,13:00,Goztep,Alanyaspor,A,0,3,2,1.8,1.6,0.2,0.2
2025-02-02,16:00,Fenerbahce,Rizespor,H,3,0,1,2.6,1.4,1.8,0.0
2025-02-03,17:00,Gaziantep,Galatasaray,A,0,3,2,1.6,2.6,0.0,1.8
2025-02-07,17:00,Samsunspor,Hatayspor,H,3,0,1,2.0,0.2,1.2,0.6
2025-02-08,16:00,Sivasspor,Besiktas,A,0,3,2,1.0,1.4,0.6,1.2
2025-02-08,13:00,Kayserispor,Konyaspor,H,3,0,1,0.4,0.8,0.4,1.0
2025-02-09,10:30,Kasimpasa,Rizespor,H,3,0,1,1.6,1.4,1.0,0.4
2025-02-09,13:00,Alanyaspor,Fenerbahce,A,0,3,2,2.0,3.0,0.2,1.4
2025-02-09,16:00,Antalyaspor,Buyuksehyr,D,1,1,0,0.8,1.8,0.6,1.2
2025-02-09,16:00,Galatasaray,Ad. Demirspor,H,3,0,1,2.6,0.0,1.8,0.0
2025-02-10,17:00,Bodrumspor,Goztep,D,1,1,0,0.4,1.2,0.0,0.6
2025-02-10,17:00,Trabzonspor,Eyupspor,H,3,0,1,2.0,2.6,0.2,0.2
2025-02-14,17:00,Ad. Demirspor,Antalyaspor,D,1,1,0,0.0,1.0,0.6,1.2
2025-02-15,10:30,Gaziantep,Sivasspor,H,3,0,1,1.0,0.8,0.2,1.4
2025-02-15,13:00,Buyuksehyr,Bodrumspor,A,0,3,2,1.4,0.4,0.6,0.0
2025-02-15,16:00,Besiktas,Trabzonspor,H,3,0,1,1.8,2.0,0.8,0.8
2025-02-16,16:00,Fenerbahce,Kasimpasa,H,3,0,1,3.0,2.0,1.8,0.0
2025-02-16,13:00,Konyaspor,Samsunspor,A,0,3,2,0.8,2.0,1.4,0.2
2025-02-16,10:30,Hatayspor,Alanyaspor,H,3,0,1,0.2,1.4,0.6,0.6
2025-02-16,13:00,Eyupspor,Kayserispor,D,1,1,0,2.4,1.0,0.2,0.2
2025-02-17,17:00,Rizespor,Galatasaray,A,0,3,2,1.2,2.6,0.0,1.8
2025-02-21,17:00,Bodrumspor,Hatayspor,H,3,0,1,1.0,0.8,0.6,0.0
2025-02-21,17:00,Eyupspor,Besiktas,A,0,3,2,2.0,2.2,0.0,0.6
2025-02-22,16:00,Samsunspor,Rizespor,A,0,3,2,2.0,0.6,1.2,0.6
2025-02-22,10:30,Sivasspor,Konyaspor,D,1,1,0,0.6,0.8,1.4,0.2
2025-02-22,13:00,Antalyaspor,Kasimpasa,H,3,0,1,1.2,2.0,0.4,1.0
2025-02-23,16:00,Trabzonspor,Gaziantep,H,3,0,1,2.0,1.4,1.4,0.2
2025-02-23,13:00,Alanyaspor,Ad. Demirspor,H,3,0,1,1.2,0.2,0.8,0.8
2025-02-23,10:30,Kayserispor,Goztep,H,3,0,1,1.0,1.4,0.0,0.6
2025-02-24,17:00,Galatasaray,Fenerbahce,D,1,1,0,2.6,3.0,0.8,0.8
2025-03-01,13:00,Ad. Demirspor,Bodrumspor,D,1,1,0,0.2,1.4,0.0,0.6
2025-03-01,17:30,Besiktas,Kayserispor,H,3,0,1,2.2,1.6,1.4,0.2
2025-03-02,10:30,Rizespor,Alanyaspor,H,3,0,1,1.2,1.8,0.2,1.4
2025-03-02,13:00,Kasimpasa,Galatasaray,D,1,1,0,1.8,2.6,0.2,1.4
2025-03-02,17:30,Fenerbahce,Antalyaspor,H,3,0,1,2.6,1.8,1.8,0.0
2025-03-03,13:00,Gaziantep,Eyupspor,H,3,0,1,0.8,1.4,0.0,0.6
2025-03-03,13:00,Konyaspor,Trabzonspor,H,3,0,1,0.8,2.0,0.0,1.8
2025-03-03,17:30,Buyuksehyr,Sivasspor,H,3,0,1,1.4,0.8,1.8,0.0
2025-03-03,17:30,Goztep,Samsunspor,D,1,1,0,0.8,1.8,0.0,0.6
2025-03-07,17:30,Bodrumspor,Kasimpasa,H,3,0,1,1.6,1.4,0.2,0.2
2025-03-08,10:30,Kayserispor,Buyuksehyr,H,3,0,1,1.6,1.4,1.0,0.4
2025-03-08,13:00,Antalyaspor,Rizespor,H,3,0,1,1.6,1.2,0.2,1.4
2025-03-08,17:30,Trabzonspor,Hatayspor,A,0,3,2,1.4,0.6,0.8,0.8
2025-03-09,10:30,Sivasspor,Goztep,H,3,0,1,0.2,0.4,0.0,0.6
2025-03-09,13:00,Eyupspor,Konyaspor,H,3,0,1,0.8,1.4,0.0,0.6
2025-03-09,13:00,Samsunspor,Ad. Demirspor,H,3,0,1,1.4,0.4,1.4,0.2
2025-03-09,17:30,Alanyaspor,Galatasaray,A,0,3,2,1.2,2.2,0.0,1.8
2025-03-10,17:30,Besiktas,Gaziantep,A,0,3,2,2.6,1.2,0.8,0.8
2025-03-14,17:30,Galatasaray,Antalyaspor,H,3,0,1,2.2,1.6,1.8,0.0
2025-03-15,17:30,Konyaspor,Besiktas,H,3,0,1,0.8,2.4,0.0,1.8
2025-03-15,17:30,Buyuksehyr,Trabzonspor,A,0,3,2,1.4,1.2,0.2,1.4
2025-03-15,13:00,Kasimpasa,Alanyaspor,H,3,0,1,0.8,0.6,1.4,0.2
2025-03-15,10:30,Gaziantep,Kayserispor,H,3,0,1,1.8,2.0,0.4,1.0
2025-03-16,10:30,Rizespor,Bodrumspor,A,0,3,2,1.2,2.2,0.6,0.0
2025-03-16,13:00,Goztep,Eyupspor,D,1,1,0,0.4,0.8,0.0,0.6
2025-03-16,13:00,Hatayspor,Sivasspor,H,3,0,1,1.2,0.8,0.4,1.0
2025-03-16,17:30,Fenerbahce,Samsunspor,D,1,1,0,2.6,2.0,1.0,0.4
2025-03-28,13:00,Antalyaspor,Alanyaspor,H,3,0,1,1.4,0.6,1.0,0.4
2025-03-28,13:00,Kayserispor,Hatayspor,H,3,0,1,1.4,1.8,1.4,0.2
2025-03-28,17:30,Bodrumspor,Fenerbahce,A,0,3,2,2.6,2.2,0.0,0.6
2025-03-28,17:30,Konyaspor,Gaziantep,H,3,0,1,1.4,2.4,0.8,0.8
2025-03-29,17:30,Besiktas,Galatasaray,H,3,0,1,1.8,2.2,0.0,1.8
2025-03-29,13:00,Trabzonspor,Goztep,D,1,1,0,1.2,0.6,0.0,0.6
2025-03-29,13:00,Samsunspor,Kasimpasa,A,0,3,2,1.6,0.8,1.2,0.6
2025-03-29,10:30,Sivasspor,Ad. Demirspor,H,3,0,1,0.8,0.4,0.8,0.8
2025-03-31,18:00,Eyupspor,Buyuksehyr,A,0,3,2,1.0,0.8,0.2,0.2
2025-04-04,18:00,Ad. Demirspor,Kayserispor,A,0,3,2,0.4,1.8,0.6,0.6
2025-04-05,11:30,Rizespor,Sivasspor,D,1,1,0,1.2,1.4,0.2,1.4
2025-04-05,14:00,Buyuksehyr,Konyaspor,H,3,0,1,1.2,2.0,0.6,1.2
2025-04-05,17:00,Antalyaspor,Samsunspor,H,3,0,1,1.8,1.0,0.6,1.2
2025-04-06,11:30,Alanyaspor,Bodrumspor,A,0,3,2,0.6,2.0,0.2,0.2
2025-04-06,14:00,Hatayspor,Eyupspor,A,0,3,2,1.8,0.8,0.0,0.6
2025-04-06,17:00,Fenerbahce,Trabzonspor,H,3,0,1,2.2,1.4,1.2,0.6
2025-04-07,18:00,Kasimpasa,Besiktas,D,1,1,0,1.4,1.8,1.8,0.0
2025-04-07,18:00,Goztep,Gaziantep,D,1,1,0,0.6,1.8,0.0,0.6
2025-04-11,18:00,Samsunspor,Galatasaray,A,0,3,2,1.0,1.6,0.0,1.8
2025-04-12,14:00,Konyaspor,Goztep,H,3,0,1,1.8,0.8,0.0,0.6
2025-04-12,17:00,Besiktas,Buyuksehyr,A,0,3,2,1.4,1.8,1.0,0.4
2025-04-12,17:00,Bodrumspor,Antalyaspor,D,1,1,0,2.0,1.8,0.0,0.6
2025-04-13,14:00,Gaziantep,Hatayspor,H,3,0,1,2.0,1.2,0.4,1.0
2025-04-13,14:00,Kayserispor,Kasimpasa,H,3,0,1,1.8,1.6,1.2,0.6
2025-04-13,17:00,Sivasspor,Fenerbahce,A,0,3,2,1.4,2.2,0.2,1.4
2025-04-13,17:00,Trabzonspor,Rizespor,H,3,0,1,0.8,1.4,0.0,1.8
2025-04-14,18:00,Eyupspor,Ad. Demirspor,H,3,0,1,1.4,0.2,0.6,0.0
2025-04-18,18:00,Hatayspor,Konyaspor,A,0,3,2,1.2,1.8,0.8,0.8
2025-04-18,18:00,Galatasaray,Bodrumspor,H,3,0,1,2.0,2.0,0.6,0.0
2025-04-19,11:30,Kasimpasa,Sivasspor,H,3,0,1,1.4,1.4,1.0,0.4
2025-04-19,14:00,Ad. Demirspor,Trabzonspor,A,0,3,2,0.2,1.4,0.6,1.2
2025-04-19,17:00,Goztep,Besiktas,D,1,1,0,0.6,0.8,0.6,0.0
2025-04-20,11:30,Buyuksehyr,Gaziantep,H,3,0,1,1.8,2.0,1.2,0.6
2025-04-20,14:00,Rizespor,Eyupspor,H,3,0,1,0.8,2.0,0.6,0.0
2025-04-20,17:00,Fenerbahce,Kayserispor,D,1,1,0,2.6,2.4,1.8,0.0
2025-04-21,18:00,Alanyaspor,Samsunspor,H,3,0,1,0.0,0.8,1.0,0.4
2025-04-25,18:00,Besiktas,Hatayspor,H,3,0,1,1.0,0.6,1.0,0.4
2025-04-26,17:00,Bodrumspor,Samsunspor,A,0,3,2,1.4,0.2,0.0,0.6
2025-04-26,17:00,Gaziantep,Fenerbahce,A,0,3,2,1.4,2.2,0.0,1.8
2025-04-26,14:00,Sivasspor,Antalyaspor,H,3,0,1,0.8,2.0,0.2,1.4
2025-04-27,14:00,Konyaspor,Ad. Demirspor,H,3,0,1,2.4,0.0,0.8,0.8
2025-04-27,14:00,Trabzonspor,Alanyaspor,H,3,0,1,2.0,0.6,0.6,1.2
2025-04-27,17:00,Eyupspor,Galatasaray,A,0,3,2,1.4,2.4,0.2,0.2
2025-04-27,17:00,Kayserispor,Rizespor,H,3,0,1,2.0,0.8,0.6,1.2
2025-04-28,18:00,Goztep,Buyuksehyr,H,3,0,1,0.8,2.4,0.0,0.6
2025-05-02,18:00,Antalyaspor,Konyaspor,H,3,0,1,1.4,2.4,0.6,0.6
2025-05-03,17:00,Galatasaray,Sivasspor,H,3,0,1,2.4,1.4,1.4,0.2
2025-05-03,14:00,Alanyaspor,Kayserispor,D,1,1,0,0.6,2.6,0.6,1.2
2025-05-03,14:00,Rizespor,Gaziantep,H,3,0,1,0.8,0.8,0.6,1.2
2025-05-03,17:00,Hatayspor,Buyuksehyr,A,0,3,2,0.0,2.4,0.0,1.8
2025-05-04,17:00,Fenerbahce,Besiktas,A,0,3,2,2.6,1.6,1.2,0.6
2025-05-04,14:00,Samsunspor,Eyupspor,H,3,0,1,0.6,1.2,0.0,0.6
2025-05-04,17:00,Ad. Demirspor,Goztep,A,0,3,2,0.0,1.2,0.0,0.6
2025-05-05,18:00,Kasimpasa,Trabzonspor,D,1,1,0,2.0,2.0,0.8,0.8
2025-05-09,18:00,Buyuksehyr,Fenerbahce,A,0,3,2,2.4,2.0,0.0,1.8
2025-05-09,18:00,Gaziantep,Alanyaspor,A,0,3,2,0.8,0.8,0.6,1.2
2025-05-10,14:00,Konyaspor,Rizespor,H,3,0,1,1.8,1.4,0.4,1.0
2025-05-10,14:00,Eyupspor,Kasimpasa,A,0,3,2,1.2,1.6,0.0,0.6
2025-05-10,17:00,Trabzonspor,Galatasaray,A,0,3,2,2.0,2.4,0.0,1.8
2025-05-11,17:00,Besiktas,Ad. Demirspor,H,3,0,1,1.6,0.0,0.2,1.4
2025-05-11,14:00,Sivasspor,Bodrumspor,D,1,1,0,0.8,0.8,0.0,0.6
2025-05-11,17:00,Goztep,Hatayspor,D,1,1,0,1.6,0.0,0.2,0.2
2025-05-12,18:00,Kayserispor,Antalyaspor,H,3,0,1,2.2,2.0,0.4,1.0
2025-05-17,17:00,Ad. Demirspor,Hatayspor,A,0,3,2,0.0,0.2,0.8,0.8
2025-05-18,17:00,Alanyaspor,Besiktas,D,1,1,0,1.4,2.0,1.0,0.4
2025-05-18,17:00,Antalyaspor,Gaziantep,D,1,1,0,1.4,0.6,0.6,1.2
2025-05-18,17:00,Bodrumspor,Trabzonspor,D,1,1,0,1.0,2.0,0.0,0.6
2025-05-18,17:00,Fenerbahce,Eyupspor,H,3,0,1,2.0,0.6,0.2,0.2
2025-05-18,17:00,Galatasaray,Kayserispor,H,3,0,1,3.0,2.2,1.4,0.2
2025-05-18,17:00,Kasimpasa,Buyuksehyr,A,0,3,2,1.6,1.8,0.2,1.4
2025-05-18,17:00,Rizespor,Goztep,H,3,0,1,1.2,1.6,0.0,0.6
2025-05-18,17:00,Samsunspor,Sivasspor,H,3,0,1,1.2,0.8,1.0,0.4
2025-05-24,17:00,Gaziantep,Kasimpasa,D,1,1,0,0.2,1.4,0.8,0.8
2025-05-24,17:00,Goztep,Galatasaray,A,0,3,2,1.6,3.0,0.0,0.6
2025-05-24,14:00,Eyupspor,Antalyaspor,H,3,0,1,0.0,1.0,0.6,0.0
2025-05-25,17:00,Besiktas,Rizespor,A,0,3,2,2.2,1.8,1.4,0.2
2025-05-25,17:00,Buyuksehyr,Ad. Demirspor,A,0,3,2,1.8,0.0,1.4,0.2
2025-05-25,17:00,Kayserispor,Bodrumspor,D,1,1,0,1.6,0.6,0.2,0.2
2025-05-25,17:00,Konyaspor,Alanyaspor,A,0,3,2,2.4,1.6,0.2,1.4
2025-05-25,17:00,Trabzonspor,Samsunspor,D,1,1,0,1.6,1.8,0.6,1.2
2025-05-26,18:00,Hatayspor,Fenerbahce,H,3,0,1,0.8,2.0,0.0,1.8
2025-05-30,18:00,Antalyaspor,Trabzonspor,A,0,3,2,0.8,1.2,0.2,1.4
2025-05-30,18:00,Galatasaray,Buyuksehyr,H,3,0,1,3.0,1.2,1.8,0.0
2025-05-30,18:00,Kasimpasa,Goztep,A,0,3,2,1.6,1.4,0.0,0.6
2025-05-31,17:00,Alanyaspor,Sivasspor,H,3,0,1,1.6,0.8,0.8,0.8
2025-05-31,17:00,Ad. Demirspor,Gaziantep,D,1,1,0,0.6,0.4,0.2,1.4
2025-05-31,14:00,Rizespor,Hatayspor,H,3,0,1,1.8,1.4,1.2,0.6
2025-05-31,14:00,Fenerbahce,Konyaspor,H,3,0,1,1.8,1.8,1.4,0.2
2025-06-01,17:00,Bodrumspor,Besiktas,A,0,3,2,0.6,2.0,0.0,0.6
2025-06-01,17:00,Samsunspor,Kayserispor,H,3,0,1,2.0,1.6,1.2,0.6
2025-08-08,19:30,Gaziantep,Galatasaray,A,0,3,2,0.6,3.0,0.0,2.4
2025-08-09,17:00,Samsunspor,Genclerbirligi,H,3,0,1,2.6,0.0,0.0,0.0
2025-08-09,19:30,Antalyaspor,Kasimpasa,H,3,0,1,0.8,1.0,1.0,1.0
2025-08-10,17:00,Rizespor,Goztep,A,0,3,2,2.4,1.4,0.6,0.6
2025-08-10,19:30,Eyupspor,Konyaspor,A,0,3,2,0.6,1.2,0.6,0.6
2025-08-11,19:30,Trabzonspor,Kocaelispor,H,3,0,1,1.2,0.0,0.0,0.0
2025-08-15,19:30,Galatasaray,Karagumruk,H,3,0,1,3.0,1.4,1.2,0.0
2025-08-16,19:30,Goztep,Fenerbahce,D,1,1,0,1.4,1.8,0.2,0.8
2025-08-16,17:00,Kocaelispor,Samsunspor,A,0,3,2,0.0,2.6,0.0,0.0
2025-08-16,19:30,Alanyaspor,Rizespor,D,1,1,0,2.2,1.8,1.4,0.8
2025-08-17,17:00,Genclerbirligi,Antalyaspor,A,0,3,2,0.0,0.8,0.0,0.0
2025-08-17,17:00,Konyaspor,Gaziantep,H,3,0,1,1.2,0.6,1.4,0.8
2025-08-17,19:30,Besiktas,Eyupspor,H,3,0,1,2.0,0.6,1.2,0.0
2025-08-17,19:30,Buyuksehyr,Kayserispor,D,1,1,0,1.2,1.0,0.4,1.6
2025-08-18,19:30,Kasimpasa,Trabzonspor,A,0,3,2,0.8,1.6,1.0,1.0
2025-08-22,19:30,Karagumruk,Goztep,A,0,3,2,0.8,1.4,0.0,0.0
2025-08-23,19:30,Fenerbahce,Kocaelispor,H,3,0,1,2.0,0.0,0.0,0.0
2025-08-23,19:30,Gaziantep,Genclerbirligi,H,3,0,1,0.6,0.0,0.0,0.0
2025-08-24,19:30,Kayserispor,Galatasaray,A,0,3,2,1.0,3.0,0.2,2.0
2025-08-24,17:00,Trabzonspor,Antalyaspor,H,3,0,1,2.2,1.4,2.0,0.2
2025-08-25,17:00,Eyupspor,Alanyaspor,H,3,0,1,0.6,2.2,0.8,0.2
